url,channel_id
https://t.me/+SiWjssuvfehiMzFl,1903450532
https://t.me/liminalweird,1903450532
https://t.me/weirdhambposting,1903450532
https://t.me/SunflowerSociety/64102,1903450532
https://t.me/CODYWHALESCALLS/8389,1903450532
https://t.me/BigPotCallS/5450,1903450532
https://t.me/av266/4145,1903450532
https://t.me/HouseOfYue/6358,1903450532
https://t.me/dirty_humour/11817,1903450532
https://t.me/nvhai18pro/24993,1903450532
https://t.me/SunflowerSociety/22308,1903450532
https://t.me/SunflowerSociety/14409,1903450532
https://t.me/SunflowerSociety/11895,1903450532
https://t.me/theinitiumnews/3696,1903450532
https://t.me/toncoin/1298,1903450532
https://t.me/cctv_movies/26638,1903450532
https://t.me/cfgbhpd?ad=link2529,1903450532
https://t.me/xitoytili59/6772,1903450532
https://t.me/huosesheng/8082,1903450532
https://t.me/noticechannel/2942,1903450532
https://t.me/qszy_66666/64984,1903450532
https://t.me/mei168168/17197,1903450532
https://t.me/noticechannel/2935,1903450532
https://t.me/huosesheng/960,1903450532
https://t.me/chinapodcast/147430,1903450532
https://t.me/kyty668886/48324,1903450532
https://t.me/kuromtougao/6295,1903450532
https://t.me/xjYLgf,2537721183
https://t.me/wyfdc68,2537721183
https://t.me/wyfdc68,2537721183
https://t.me/binlang1121,2537721183
https://t.me/luoliao188373,2537721183
https://t.me/esaom,2537721183
https://t.me/reporter_Taiwan,2537721183
https://t.me/eieidodi1828,2537721183
https://t.me/ieiei2849,2537721183
https://t.me/ailuoliao1,2537721183
https://t.me/feijihao11888,2537721183
https://t.me/douyinchonzhi0111,2537721183
https://t.me/sucai27,2537721183
https://t.me/+cJNNcopkZOM3Y2Jl,2537721183
https://t.me/haiwaiziyuan011,2537721183
https://t.me/darunf019,2537721183
https://t.me/douyinkuaishou86,2537721183
https://t.me/yangguang618,2537721183
https://t.me/asdsafdsfs,2537721183
https://t.me/f35is,2537721183
https://t.me/douyinyewupingtai,2537721183
https://t.me/yzzz423,2537721183
https://t.me/tiktokjuzhen,2537721183
https://t.me/dyzh5588,2537721183
https://t.me/tiktokL3,2537721183
https://t.me/TTikokL,2537721183
https://t.me/tiktokhay69,2537721183
https://t.me/baidm888,2537721183
https://t.me/qfls888,2537721183
https://t.me/dxmao999,2537721183
https://t.me/DG553ETH,2537721183
https://t.me/TiktokA3,2537721183
https://t.me/YLGJPD?ad=link2564,1612162787
https://t.me/OtakusDrift/51799,1612162787
https://t.me/OtakusDrift/67189,1612162787
https://t.me/OtakusDrift/67129,1612162787
https://t.me/OtakusDrift/65257,1612162787
https://t.me/OtakusDrift/48468,1612162787
https://t.me/OtakusDrift/33090,1612162787
https://t.me/OtakusDrift/32690,1612162787
https://t.me/OtakusDrift/27625,1612162787
https://t.me/aisdmj/823,1612162787
https://t.me/OtakusDrift/26111,1612162787
https://t.me/+ixGeGWrQ5DYwYTMy,1612162787
https://t.me/personalfinancesg/11726,1612162787
https://t.me/gayshipin/13466,1612162787
https://t.me/illusory_world/5938,1612162787
https://t.me/bybit_announcement_ZH/3105,1612162787
https://t.me/winrayland/9716,1612162787
https://t.me/winrayland/9705,1612162787
https://t.me/AppDoDo/1054,1612162787
https://t.me/LifeJapan/2786,1612162787
https://t.me/leesharing/6148,1612162787
https://t.me/leesharing/6147,1612162787
https://t.me/SMScode999,1607801945
https://t.me/caohome_av,1607801945
https://t.me/blttxy_2688,1607801945
https://t.me/shuiguopai,1607801945
https://t.me/ccAVcn,1607801945
https://t.me/AVnew,1607801945
https://t.me/javcc,1607801945
https://t.me/mengxinsetu,1607801945
https://t.me/TGCCTA,1607801945
https://t.me/jisou_seo,1607801945
https://t.me/ChinaPumpNow,1607801945
https://t.me/xiannvge0101,1607801945
https://t.me/tg_avjx,1607801945
https://t.me/YyDsccavav,1607801945
https://t.me/FC2_AV1,1607801945
https://t.me/IPX_AV,1607801945
https://t.me/hualun77777,1607801945
https://t.me/gcflttgx1,1607801945
https://t.me/ttgxyk,1607801945
https://t.me/Javaer,1607801945
https://t.me/odysseyplus,1607801945
https://www.fawncloud.one/auth/register?code=XuHCTv,1607801945
https://t.me/JPYPorn,1607801945
https://t.me/tonblockchain,1607801945
https://t.me/bbinw,1607801945
https://t.me/PicACG,1607801945
https://t.me/BTOKOFFICIALCHANNEL,1607801945
https://t.me/tinder8900,1607801945
https://t.me/ChinaPumpNow,1607801945
https://t.me/tinder898,1607801945
https://t.me/qkjbpg,1607801945
https://t.me/Inty_Fanbase,1607801945
https://t.me/Orzmini,1607801945
https://t.me/liyuans,1607801945
https://t.me/Ring4_a,1607801945
https://t.me/Ring4_v,1607801945
https://t.me/tronnetworkCN,1607801945
https://t.me/kalizhv_talk,1607801945
https://t.me/WINbb8,1607801945
https://t.me/scrmfanyi,1607801945
https://t.me/Ring4_l,1607801945
https://t.me/gongxifacai668888,1607801945
https://t.me/PG2028fanxi,1256696659
https://t.me/ZJyinmeng/47992,1256696659
https://t.me/iosrxwy,1256696659
https://t.me/LXMMD/30250,1256696659
https://t.me/LXMMD/30250,1256696659
https://t.me/xigang138,1256696659
https://t.me/iospremiumapps,1256696659
https://t.me/baipiaoge888,1256696659
https://t.me/nicegramapp,1256696659
https://t.me/iosfulishare,1256696659
https://t.me/Trollstore2ios,1256696659
https://t.me/iosjumo,1256696659
https://t.me/iOSQuQ,1256696659
https://t.me/kaima,1256696659
https://t.me/quanwangbaoguangb/3190,1256696659
https://t.me/dny57/2083,1256696659
https://t.me/cctvPH/72460,1256696659
https://t.me/aimaiminimart,1256696659
https://t.me/cd_daily/175425,1256696659
https://t.me/adultkiss/12880,1256696659
https://t.me/xvideo888/6505,1256696659
https://t.me/Aliyundrive_Share_Channel/51641,1256696659
https://t.me/adultkiss/6632,1256696659
https://t.me/cd_daily/170354,1256696659
https://t.me/LivegramUpdates,1256696659
https://t.me/adultkiss/4564,1256696659
https://m.virtuarts.com/soft/24724
https://app.91porn003.me/aff-Wa5J
